城市,全部企业,企业密度
北京市,2975,1812.8592965252817
石家庄市,88,62.588904694167844
天津市,459,383.5868293498245
长治市,18,12.898602651379434
唐山市,45,33.402612826603324
巴彦淖尔市,3,0.46054651519803497
赤峰市,5,0.5554259561657835
邢台市,7,5.630177752754765
太原市,162,231.82598740698336
衡水市,6,6.789634491343215
临汾市,10,4.925623091321052
运城市,14,9.87097229077064
阿拉善盟,1,0.04030957755562722
晋中市,17,10.370912640312348
吕梁市,5,2.3651844843897822
包头市,31,11.163929703255546
保定市,30,13.522650439486139
承德市,9,2.279057989364396
呼伦贝尔市,3,0.11857707509881422
廊坊市,26,40.50475151892818
乌兰察布市,2,0.36726898780666956
鄂尔多斯市,12,1.3811836744089685
秦皇岛市,22,28.194284249647573
沧州市,17,11.884787472035793
朔州市,11,10.352941176470589
阳泉市,10,21.934634788330772
乌海市,5,29.958058717795083
邯郸市,8,6.63075010360547
忻州市,2,0.7951653944020356
兴安盟,2,0.3627723059621628
呼和浩特市,63,36.65774467589898
大同市,8,5.691519635742743
通辽市,4,0.679567115747269
张家口市,11,2.9893741337609043
晋城市,13,13.793103448275861
沈阳市,209,161.01694915254237
长春市,139,56.175234400258645
大连市,154,116.34056054997355
伊春市,1,0.3048780487804878
朝阳市,5,2.5383287643415575
铁岭市,3,2.3103581055063533
锡林郭勒盟,1,0.050029016829761255
吉林市,29,10.465158240409945
葫芦岛市,5,4.803535402055912
四平市,4,3.905487209529389
阜新市,1,0.9683354313934347
佳木斯市,6,1.8478595626732366
牡丹江市,8,2.0604218713781646
齐齐哈尔市,3,0.7099751508697195
大庆市,24,11.318085357227067
抚顺市,2,1.7744654422855115
锦州市,11,10.95617529880478
双鸭山市,1,0.453494172599882
鞍山市,34,36.73689897352782
白山市,2,1.1425307055127105
本溪市,7,8.319467554076539
辽阳市,6,12.65022137887413
鸡西市,1,0.44456299457633147
丹东市,19,12.426422498364943
哈尔滨市,122,22.989372126328483
辽源市,3,5.836575875486381
延边朝鲜族自治州,7,1.6155461700016154
鹤岗市,1,0.6818956699624956
上海市,1499,2364.1668638120022
黑河市,2,0.29912356794591843
营口市,13,24.074965739471832
盘锦市,12,29.520295202952028
通化市,4,2.5621316935690492
绥化市,1,0.28675479597396264
南京市,556,844.0471148313954
苏州市,422,487.44877167529904
徐州市,77,65.44836379090522
无锡市,219,473.2617894049867
南通市,75,71.09678642525358
连云港市,24,31.51674326986211
常州市,95,217.291857273559
湖州市,45,77.31958762886597
宿迁市,12,14.077897700610041
杭州市,775,459.84322609393735
扬州市,76,115.30508055425331
镇江市,42,109.375
泰州市,40,69.12044237083117
温州市,170,140.90343970161624
嘉兴市,86,203.64669666114136
盐城市,49,28.87108178175819
金华市,76,69.45713763480168
淮安市,20,19.940179461615152
绍兴市,56,67.64101944679308
舟山市,10,68.72852233676976
宁波市,224,239.17365502189935
衢州市,20,22.611644997173542
丽水市,19,10.998552821997105
马鞍山市,14,34.576438626821435
安庆市,18,13.295907815039149
台州市,47,46.82207611077904
淮北市,8,29.18642831083546
合肥市,251,219.30974224552205
淮南市,9,16.268098259313486
铜陵市,7,23.27127659574468
芜湖市,14,23.232658479920346
蚌埠市,9,15.123508654007727
黄山市,5,5.098399102681758
阜阳市,12,11.860051393556038
南平市,9,3.4246575342465753
滁州市,10,7.3986386504883095
亳州市,2,2.347142354183781
宿州市,6,6.0368246302444915
池州市,6,7.143707584236218
龙岩市,28,14.715156611309649
莆田市,12,29.04865649963689
厦门市,494,2583.6820083682005
三明市,14,6.09623339865012
六安市,10,6.472073004983495
宁德市,16,11.911852293031565
福州市,434,354.2567953636438
宣城市,6,4.872898562494924
宜春市,17,9.106004606567037
九江市,13,6.814131460320787
赣州市,17,4.3187765160175795
枣庄市,25,54.77651183172655
抚州市,6,3.1918289179699966
萍乡市,7,18.271991647089532
南昌市,116,161.22307157748435
漳州市,56,43.47059951390555
吉安市,6,2.3742629891971037
上饶市,12,5.27774112679773
青岛市,375,332.06411051093596
泉州市,117,103.65907681403384
新余市,5,15.822784810126581
鹰潭市,4,11.235955056179774
潍坊市,57,35.309422040512914
日照市,26,48.516514275051314
济宁市,60,53.63368195226602
威海市,30,51.750905640848714
景德镇市,3,5.701254275940707
东营市,47,57.01807594322455
济南市,425,414.8770011714174
泰安市,48,61.847700038654814
烟台市,101,27.78389084507042
淄博市,73,122.38055322715842
鹤壁市,3,14.018691588785046
聊城市,24,27.816411682892905
平顶山市,8,10.11378002528445
新乡市,27,32.56543239657459
临沂市,63,36.64708277587109
南阳市,24,9.052845988457621
漯河市,5,19.105846388995033
洛阳市,35,22.971908637437647
濮阳市,9,21.072348396160148
许昌市,8,16.067483430407712
三门峡市,5,5.032206119162641
德州市,20,19.308746862328633
郑州市,284,375.3049352598986
开封市,8,12.820512820512821
焦作市,11,27.69385699899295
菏泽市,15,12.340600575894694
滨州市,22,23.986044483209767
安阳市,10,13.601741022850923
荆门市,10,8.104384471999351
黄冈市,11,6.30119722747322
荆州市,19,13.476133059082203
湘潭市,14,27.96644027167399
襄阳市,22,11.151662611516626
潜江市,2,9.98003992015968
商丘市,3,2.802690582959641
仙桃市,2,7.880220646178092
株洲市,32,26.0968846843908
黄石市,17,37.23986856516977
孝感市,7,7.861635220125786
天门市,2,7.627765064836003
鄂州市,6,37.59398496240601
衡阳市,15,9.804562389698672
周口市,3,2.508151492350138
邵阳市,8,3.8417210910487896
十堰市,28,11.831319192089918
宜昌市,43,20.394612028078164
咸宁市,8,8.203840833182074
驻马店市,2,1.3259961546111516
济源市,4,20.714655618850333
恩施土家族苗族自治州,14,5.833333333333334
随州市,5,5.200748907842729
武汉市,521,607.9949586598437
信阳市,6,3.171917953055614
揭阳市,12,22.792022792022788
阳江市,5,6.285355122564425
韶关市,16,8.689512844186172
怀化市,6,2.176041780002176
河源市,4,2.5552574421873
益阳市,10,8.116883116883116
肇庆市,15,10.073198576321268
郴州市,8,4.1360769310309164
清远市,7,3.677243118302164
常德市,10,5.50145788633988
珠海市,252,1451.2283611485434
岳阳市,18,12.114685691210122
张家界市,6,6.293266205160478
汕头市,50,227.371944121071
湛江市,31,23.37329412651738
娄底市,14,17.26263871763255
潮州市,11,34.96503496503497
江门市,27,28.40909090909091
北海市,13,32.58962145901228
茂名市,9,7.876082961407193
长沙市,292,247.03891708967848
梅州市,12,7.564053349268272
永州市,2,0.8985129610494631
湘西土家族苗族自治州,2,1.2928248222365868
汕尾市,3,6.170300287947346
梧州市,5,3.9770919503658924
佛山市,178,468.70227399597655
云浮市,1,1.2845215157353884
惠州市,68,59.93301604089547
东莞市,142,577.2170010731359
深圳市,944,4604.878048780487
中山市,58,325.17225720004257
广州市,1525,2051.2751533412247
南宁市,198,89.59681433549028
柳州市,34,18.28251868580954
桂林市,33,11.927567137745328
贵港市,8,7.545746085644218
百色市,6,1.6573669962985471
防城港市,3,4.813863928112966
澄迈县,3,14.448918257653109
玉林市,9,7.01809107922645
河池市,1,0.29872147209941446
重庆市,492,59.78128797083839
东方市,1,4.400207689802959
海口市,149,646.465698269728
三亚市,15,78.14209358297128
儋州市,1,2.9463759575721857
西藏自治区,1,0.008316914358237778
拉萨市,13,4.3868514588474525
酒泉市,8,0.4166666666666667
遵义市,14,4.5503298989176715
定西市,5,2.5498495588760264
黔西南布依族苗族自治州,3,1.7850767583006069
和田地区,2,0.08033870799289805
平凉市,5,4.4758750335690625
天水市,9,6.303845345660854
金昌市,5,6.623393826996953
武威市,7,2.163720040591388
崇左市,4,2.3078698361412417
张掖市,5,1.3679142044210986
六盘水市,2,2.017349203147065
山南市,2,0.2523531935296641
黔东南苗族侗族自治州,1,0.3302291790502609
来宾市,5,3.7363622776864442
黔南布依族苗族自治州,2,0.7635044855888529
西宁市,49,64.41435519915866
庆阳市,11,4.056495925065457
陇南市,3,1.0776249146880277
钦州市,3,2.757606397646842
昌都市,1,0.09106058260560751
临夏回族自治州,1,1.364070386031919
林芝市,1,0.08755417414525238
兰州市,201,152.36506973923588
贵阳市,122,151.6846947656347
毕节市,1,0.37245335021788517
海西蒙古族藏族自治州,1,0.033238713794731
博尔塔拉蒙古自治州,4,0.14705882352941174
自贡市,12,27.447392497712716
克拉玛依市,13,16.81106944264839
银川市,59,65.37120874688934
内江市,10,18.570102135561747
塔城地区,3,0.3161524166585345
丽江市,6,2.918997810751642
昌吉回族自治州,7,0.9503069559346736
遂宁市,3,5.636978579481398
乐山市,5,3.930817610062893
石河子市,4,642.0545746388443
阿勒泰地区,1,0.0847457627118644
昆明市,205,97.55865416646837
中卫市,3,1.7200256857169067
固原市,5,4.751496721467262
德宏傣族景颇族自治州,4,3.5803795202291444
成都市,668,465.99232647366586
巴中市,3,2.4396194193705782
甘南藏族自治州,1,0.2732688418866481
海东市,3,2.310892004313665
达州市,2,1.2056908608632746
哈密市,2,0.1457492238853828
红河哈尼族彝族自治州,8,2.486479766270902
白银市,2,0.9950743818100403
眉山市,13,18.207282913165265
泸州市,14,11.448196908986834
普洱市,7,1.5813491167035647
玉溪市,4,2.6770178021683844
阿克苏地区,8,0.6258948340205137
五家渠市,1,13.477088948787062
保山市,1,0.5246039240373518
西双版纳傣族自治州,1,0.5236698785085881
宜宾市,18,13.563408936779442
吴忠市,5,2.983649600190953
楚雄彝族自治州,9,3.1646682372797916
绵阳市,44,21.72088660709878
德阳市,22,37.21874471324649
临沧市,2,0.8467042038863721
石嘴山市,3,7.363770250368188
大理白族自治州,4,1.413327680022613
铜仁市,1,0.5551237926057511
巴音郭楞蒙古自治州,23,0.4877779804294991
海北藏族自治州,1,0.29078220412910727
广安市,6,9.46521533364884
曲靖市,10,3.460207612456747
伊犁哈萨克自治州,9,0.3227519119016381
凉山彝族自治州,6,0.9956688405436351
日喀则市,1,0.0557911180540058
广元市,8,4.902261167963723
乌鲁木齐市,180,126.61522337035657
资阳市,5,8.700191404210893
南充市,15,12.01730491908348
延安市,12,3.240528206097594
吐鲁番市,1,0.14335067876546395
攀枝花市,3,4.0480367021994335
咸阳市,18,17.66264350897851
克孜勒苏柯尔克孜自治州,1,0.13799194127062978
商洛市,3,1.531628120692296
昭通市,2,0.8913053166362137
阿坝藏族羌族自治州,1,0.12047902460181682
迪庆藏族自治州,1,0.4312947468299836
渭南市,10,7.674008134448622
文山壮族苗族自治州,1,0.3179043743641913
安康市,12,5.098572399728075
榆林市,27,6.290773532152842
宝鸡市,27,14.903129657228018
汉中市,12,4.428534524117061
铜川市,5,12.87001287001287
西安市,767,756.7834237789837
